[
  {
    "slug": "gates-of-olympus",
    "name": "Gates of Olympus",
    "image": "https://via.placeholder.com/600x300",
    "rtp": "96.5%",
    "volatility": "Tinggi",
    "description": "Slot bertema dewa Yunani dengan multiplier acak dan fitur Free Spin."
  },
  {
    "slug": "sweet-bonanza",
    "name": "Sweet Bonanza",
    "image": "https://via.placeholder.com/600x300",
    "rtp": "96.48%",
    "volatility": "Sedang",
    "description": "Slot bertema permen dengan fitur tumbling reels dan Free Spin."
  }
]